
--
-- Definition of table `films`
--

DROP TABLE IF EXISTS `films`;
CREATE TABLE `films` (
  `id` int(10) unsigned NOT NULL AUTO_INCREMENT,
  `caption` varchar(45) NOT NULL,
  `year` int(10) unsigned NOT NULL,
  `director` varchar(45) NOT NULL,
  `length` int(10) unsigned NOT NULL,
  `country` varchar(45) NOT NULL,
  `g_id` int(10) unsigned NOT NULL,
  PRIMARY KEY (`id`),
  KEY `FK_films_1` (`g_id`),
  CONSTRAINT `FK_films_1` FOREIGN KEY (`g_id`) REFERENCES `genre` (`id`)
) ENGINE=InnoDB AUTO_INCREMENT=23 DEFAULT CHARSET=utf8;

--
-- Dumping data for table `films`
--

/*!40000 ALTER TABLE `films` DISABLE KEYS */;
INSERT INTO `films` (`id`,`caption`,`year`,`director`,`length`,`country`,`g_id`) VALUES 
 (1,'Побег из Шоушенка',1994,'Фрэнк Дарабонт',142,'США',2),
 (2,'Зеленая миля',1999,'Фрэнк Дарабонт',189,'США',2),
 (3,'Форрест Гамп',1994,'Роберт Земекис',142,'США',2),
 (4,'Зеленый слоник',1997,'Светлана Баскова',170,'Россия',3),
 (5,'Начало',2010,'Кристофер Нолан',148,'США',1),
 (6,'Интерстеллар',2014,'Кристофер Нолан',169,'США',1),
 (7,'Место встречи изменить нельзя',1979,'Станислав Говорухин',359,'СССР',4),
 (8,'Крестный отец',1972,'Фрэнсис Форд Коппола',175,'США',4),
 (9,'Операция «Ы» и другие приключения Шурика',1965,'Леонид Гайдай',95,'СССР',4),
 (10,'Леон',1994,'Люк Бессон',133,'Франция',4),
 (11,'Бойцовский клуб',1999,'Дэвид Финчер',131,'США',1),
 (12,'Гладиатор',2000,'Ридли Скотт',155,'США',5),
 (13,'Темный рыцарь',2008,'Кристофер Нолан',152,'США',5),
 (14,'Матрица',1999,'Лана Вачовски',136,'США',5),
 (15,'Пираты Карибского моря: Проклятие Черной жемч',2003,'Гор Вербински',143,'США',5),
 (16,'Ну, погоди!',1969,'Вячеслав Котёночкин',10,'СССР',6),
 (18,'Король Лев',1994,'Роджер Аллерс',88,'США',6),
 (19,'Гуррен-Лаганн',2007,'Хироюки Имайси',25,'Япония',6),
 (20,'Притяжение',2017,'Фёдор Бондарчук',132,'Россия',4),
 (21,'Викинг',2016,'	Андрей Кравчук',133,'Россия',3),
 (22,'Другой мир: Войны крови',2016,'Анна Ферстер',92,'США',3);
/*!40000 ALTER TABLE `films` ENABLE KEYS */;


--
-- Definition of table `genre`
--

DROP TABLE IF EXISTS `genre`;
CREATE TABLE `genre` (
  `id` int(10) unsigned NOT NULL AUTO_INCREMENT,
  `caption` varchar(45) NOT NULL,
  PRIMARY KEY (`id`)
) ENGINE=InnoDB AUTO_INCREMENT=7 DEFAULT CHARSET=utf8;

--
-- Dumping data for table `genre`
--

/*!40000 ALTER TABLE `genre` DISABLE KEYS */;
INSERT INTO `genre` (`id`,`caption`) VALUES 
 (1,'Триллер'),
 (2,'Драма'),
 (3,'Хорор'),
 (4,'Детектив'),
 (5,'Боевик'),
 (6,'Мультфильм');
/*!40000 ALTER TABLE `genre` ENABLE KEYS */;


--
-- Definition of table `hall`
--

DROP TABLE IF EXISTS `hall`;
CREATE TABLE `hall` (
  `id` int(10) unsigned NOT NULL AUTO_INCREMENT,
  `category` varchar(45) NOT NULL,
  PRIMARY KEY (`id`)
) ENGINE=InnoDB AUTO_INCREMENT=4 DEFAULT CHARSET=utf8;

--
-- Dumping data for table `hall`
--

/*!40000 ALTER TABLE `hall` DISABLE KEYS */;
INSERT INTO `hall` (`id`,`category`) VALUES 
 (1,'VIP'),
 (2,'lowcost'),
 (3,'normal');
/*!40000 ALTER TABLE `hall` ENABLE KEYS */;


--
-- Definition of table `reports`
--

DROP TABLE IF EXISTS `reports`;
CREATE TABLE `reports` (
  `g_caption` varchar(45) DEFAULT NULL,
  `cnt` int(10) unsigned DEFAULT NULL,
  `date` datetime DEFAULT NULL
) ENGINE=InnoDB DEFAULT CHARSET=utf8;

--
-- Dumping data for table `reports`
--

/*!40000 ALTER TABLE `reports` DISABLE KEYS */;
INSERT INTO `reports` (`g_caption`,`cnt`,`date`) VALUES 
 ('Триллер',0,'2017-05-00 00:00:00'),
 ('Драма',1,'2017-05-00 00:00:00'),
 ('Хорор',1,'2017-05-00 00:00:00'),
 ('Детектив',2,'2017-05-00 00:00:00'),
 ('Боевик',3,'2017-05-00 00:00:00'),
 ('Мультфильм',1,'2017-05-00 00:00:00'),
 ('Триллер',2,'2017-06-00 00:00:00'),
 ('Драма',2,'2017-06-00 00:00:00'),
 ('Хорор',1,'2017-06-00 00:00:00'),
 ('Детектив',2,'2017-06-00 00:00:00'),
 ('Боевик',2,'2017-06-00 00:00:00'),
 ('Мультфильм',2,'2017-06-00 00:00:00'),
 ('Триллер',0,NULL),
 ('Драма',0,NULL),
 ('Хорор',0,NULL),
 ('Детектив',0,NULL),
 ('Боевик',0,NULL),
 ('Мультфильм',0,NULL),
 ('Триллер',0,NULL),
 ('Драма',0,NULL),
 ('Хорор',0,NULL),
 ('Детектив',0,NULL),
 ('Боевик',0,NULL),
 ('Мультфильм',0,NULL),
 ('Триллер',0,NULL),
 ('Драма',0,NULL),
 ('Хорор',0,NULL),
 ('Детектив',0,NULL),
 ('Боевик',0,NULL),
 ('Мультфильм',0,NULL);
/*!40000 ALTER TABLE `reports` ENABLE KEYS */;


--
-- Definition of table `sessions`
--

DROP TABLE IF EXISTS `sessions`;
CREATE TABLE `sessions` (
  `id` int(10) unsigned NOT NULL AUTO_INCREMENT,
  `f_id` int(10) unsigned NOT NULL,
  `h_id` int(10) unsigned NOT NULL,
  `date` datetime NOT NULL,
  PRIMARY KEY (`id`),
  KEY `FK_session_1` (`f_id`),
  KEY `FK_session_2` (`h_id`),
  CONSTRAINT `FK_session_1` FOREIGN KEY (`f_id`) REFERENCES `films` (`id`),
  CONSTRAINT `FK_session_2` FOREIGN KEY (`h_id`) REFERENCES `hall` (`id`)
) ENGINE=InnoDB AUTO_INCREMENT=243 DEFAULT CHARSET=utf8;

--
-- Dumping data for table `sessions`
--

/*!40000 ALTER TABLE `sessions` DISABLE KEYS */;
INSERT INTO `sessions` (`id`,`f_id`,`h_id`,`date`) VALUES 
 (1,14,3,'2016-12-05 22:18:25'),
 (2,7,2,'2016-09-20 12:03:48'),
 (3,9,3,'2016-08-10 02:46:59'),
 (4,3,2,'2016-03-10 16:57:23'),
 (5,17,2,'2016-11-05 09:23:08'),
 (6,5,2,'2016-08-27 05:01:57'),
 (7,19,2,'2016-07-17 05:12:44'),
 (8,15,3,'2016-09-30 17:07:15'),
 (9,16,2,'2016-04-30 04:56:23'),
 (10,9,1,'2016-02-06 04:56:25'),
 (11,7,1,'2016-01-16 21:51:34'),
 (12,13,1,'2016-10-22 07:23:26'),
 (13,12,2,'2016-07-19 01:02:36'),
 (14,8,1,'2016-01-01 03:56:51'),
 (15,7,2,'2016-03-27 23:38:34'),
 (16,6,2,'2016-01-20 08:51:19'),
 (17,12,2,'2016-10-22 22:04:54'),
 (18,19,1,'2016-06-04 15:26:51'),
 (19,8,2,'2016-03-22 15:36:35'),
 (20,3,2,'2016-05-19 15:42:32'),
 (21,15,2,'2016-07-26 19:15:16'),
 (22,4,1,'2016-03-19 12:13:48'),
 (23,13,2,'2016-11-01 02:32:04'),
 (24,11,1,'2016-01-24 16:34:27'),
 (25,19,2,'2016-08-15 09:30:39'),
 (26,13,2,'2016-02-02 01:22:09'),
 (27,5,3,'2016-03-15 20:46:08'),
 (28,15,1,'2016-01-14 16:32:57'),
 (29,2,1,'2016-06-17 19:10:48'),
 (30,19,2,'2016-12-25 07:35:07'),
 (31,17,1,'2016-04-07 16:58:14'),
 (32,18,2,'2016-11-01 00:52:03'),
 (33,2,3,'2016-08-17 19:11:48'),
 (34,18,2,'2016-10-20 00:19:50'),
 (35,12,2,'2016-03-22 12:08:25'),
 (36,20,1,'2016-03-10 02:19:12'),
 (37,6,3,'2016-02-12 01:48:55'),
 (38,5,3,'2016-02-10 10:36:11'),
 (39,7,1,'2016-10-01 07:14:57'),
 (40,8,2,'2016-02-17 05:40:16'),
 (41,14,1,'2016-01-23 17:58:40'),
 (42,6,1,'2016-06-28 13:06:40'),
 (43,7,1,'2016-09-01 11:30:24'),
 (44,19,3,'2016-04-20 14:33:25'),
 (45,20,1,'2016-02-27 13:52:38'),
 (46,15,1,'2016-06-08 21:09:53'),
 (47,17,3,'2016-10-12 22:30:41'),
 (48,8,2,'2016-11-04 05:29:08'),
 (49,3,3,'2016-05-27 23:03:08'),
 (50,5,3,'2016-08-17 16:04:58'),
 (51,12,1,'2016-05-23 16:13:58'),
 (52,18,1,'2016-07-02 00:23:42'),
 (53,17,2,'2016-06-26 01:20:14'),
 (54,14,3,'2016-04-08 00:19:52'),
 (55,16,1,'2016-05-20 14:23:08'),
 (56,10,1,'2016-07-25 13:55:25'),
 (57,6,2,'2016-11-16 05:29:44'),
 (58,17,2,'2016-11-26 15:43:34'),
 (59,3,3,'2016-10-13 05:43:17'),
 (60,10,3,'2016-04-11 09:06:50'),
 (61,12,1,'2016-01-17 22:39:05'),
 (62,15,2,'2016-03-19 06:02:29'),
 (63,13,2,'2016-11-23 15:44:36'),
 (64,16,2,'2016-01-10 16:21:37'),
 (65,6,2,'2016-11-18 19:46:04'),
 (66,8,1,'2016-01-15 11:42:51'),
 (67,10,2,'2016-04-17 19:25:06'),
 (68,9,1,'2016-07-22 13:11:32'),
 (69,7,3,'2016-08-21 03:06:30'),
 (70,9,2,'2016-01-15 12:29:00'),
 (71,8,3,'2016-12-08 02:45:05'),
 (72,5,2,'2016-11-28 03:04:07'),
 (73,12,2,'2016-06-27 03:12:38'),
 (74,14,3,'2016-06-22 06:00:24'),
 (75,14,3,'2016-10-17 09:51:46'),
 (76,3,1,'2016-11-01 02:51:26'),
 (77,4,1,'2016-05-23 10:18:06'),
 (78,10,2,'2016-11-12 03:00:16'),
 (79,11,1,'2016-09-04 10:13:52'),
 (80,5,1,'2016-11-04 17:22:22'),
 (81,18,1,'2016-05-12 09:36:32'),
 (82,15,2,'2016-03-07 11:39:52'),
 (83,17,2,'2016-10-11 01:43:00'),
 (84,18,1,'2016-05-05 14:24:47'),
 (85,2,2,'2016-07-07 02:42:38'),
 (86,11,1,'2016-12-08 19:41:53'),
 (87,8,1,'2016-03-22 14:41:07'),
 (88,18,3,'2016-07-11 18:59:09'),
 (89,3,3,'2016-03-20 18:22:52'),
 (90,8,2,'2016-03-21 21:53:39'),
 (91,6,2,'2016-10-31 07:15:03'),
 (92,19,2,'2016-09-16 12:55:44'),
 (93,12,3,'2016-05-16 22:33:53'),
 (94,8,3,'2016-10-24 16:06:40'),
 (95,14,1,'2016-02-11 07:38:39'),
 (96,9,3,'2016-01-14 08:33:16'),
 (97,12,2,'2016-11-13 21:58:03'),
 (98,5,2,'2016-09-09 14:27:23'),
 (99,2,1,'2016-11-05 11:24:27'),
 (100,13,2,'2016-02-22 18:17:26'),
 (101,18,1,'2016-09-02 03:15:45'),
 (102,4,2,'2016-10-28 07:10:02'),
 (103,5,2,'2016-11-26 05:18:17'),
 (104,2,2,'2016-02-02 14:52:27'),
 (105,4,2,'2016-09-20 14:43:53'),
 (106,7,2,'2016-05-13 08:54:39'),
 (107,9,3,'2016-09-24 03:07:33'),
 (108,14,1,'2016-09-06 09:28:56'),
 (109,1,3,'2016-11-25 02:11:29'),
 (110,12,1,'2016-09-05 15:18:24'),
 (111,5,3,'2016-02-25 13:23:18'),
 (112,18,1,'2016-10-13 09:48:07'),
 (113,13,2,'2016-08-30 14:40:35'),
 (114,5,1,'2016-12-26 21:29:04'),
 (115,11,3,'2016-02-26 02:30:03'),
 (116,10,1,'2016-08-07 04:00:32'),
 (117,19,3,'2016-11-19 13:12:23'),
 (118,12,2,'2016-09-13 12:17:02'),
 (119,13,1,'2016-04-15 02:09:09'),
 (120,7,3,'2016-01-22 08:32:56'),
 (121,17,1,'2016-11-27 01:48:46'),
 (122,6,2,'2017-12-25 10:34:57'),
 (123,6,2,'2017-04-15 17:26:01'),
 (124,4,3,'2017-06-06 04:59:08'),
 (125,4,2,'2017-07-25 00:08:17'),
 (126,19,1,'2017-06-20 20:27:28'),
 (127,4,2,'2017-05-06 00:54:24'),
 (128,13,1,'2017-10-22 00:11:12'),
 (129,13,2,'2017-05-05 14:27:51'),
 (130,16,3,'2017-07-30 00:06:44'),
 (131,18,2,'2017-11-29 02:27:02'),
 (132,9,2,'2017-05-31 01:01:20'),
 (133,2,1,'2017-05-05 15:38:14'),
 (134,8,3,'2017-04-07 23:23:34'),
 (135,14,2,'2017-01-25 09:13:29'),
 (136,10,1,'2017-03-02 10:23:17'),
 (137,10,3,'2017-06-22 05:59:06'),
 (138,8,2,'2017-05-17 06:20:16'),
 (139,8,2,'2017-03-04 09:26:25'),
 (140,18,1,'2017-08-09 08:06:47'),
 (141,16,1,'2017-10-18 10:10:36'),
 (142,6,3,'2017-06-26 19:06:05'),
 (143,18,3,'2017-04-25 05:21:22'),
 (144,12,3,'2017-12-27 08:45:19'),
 (145,3,2,'2017-09-23 03:49:58'),
 (146,16,3,'2017-07-18 22:14:53'),
 (147,8,1,'2017-01-19 20:22:41'),
 (148,12,2,'2017-05-21 21:33:44'),
 (149,3,2,'2017-07-26 22:47:31'),
 (150,14,3,'2017-01-12 17:11:19'),
 (151,14,1,'2017-03-23 15:43:10'),
 (152,8,1,'2017-01-29 01:28:49'),
 (153,13,1,'2017-02-10 06:00:39'),
 (154,11,2,'2017-10-06 08:54:59'),
 (155,2,3,'2017-03-12 23:02:10'),
 (156,9,2,'2017-12-11 18:10:03'),
 (157,9,2,'2017-07-04 15:25:32'),
 (158,9,2,'2017-01-03 23:32:24'),
 (159,2,1,'2017-12-16 02:43:54'),
 (160,3,3,'2017-07-04 14:57:35'),
 (161,5,2,'2017-09-05 19:02:15'),
 (162,2,1,'2017-10-06 15:06:02'),
 (163,6,1,'2017-11-08 22:02:20'),
 (164,17,2,'2017-11-19 11:24:36'),
 (165,8,1,'2017-09-26 05:46:26'),
 (166,5,2,'2017-01-13 09:51:30'),
 (167,1,3,'2017-10-30 08:47:24'),
 (168,5,2,'2017-07-14 05:02:21'),
 (169,15,1,'2017-04-03 21:49:07'),
 (170,20,1,'2017-01-06 01:27:03'),
 (171,10,2,'2017-03-22 06:58:06'),
 (172,3,3,'2017-04-09 14:18:51'),
 (173,12,1,'2017-09-17 20:59:56'),
 (174,7,2,'2017-10-19 21:27:08'),
 (175,20,2,'2017-11-15 21:12:44'),
 (176,14,2,'2017-06-07 13:46:40'),
 (177,3,2,'2017-12-23 01:30:46'),
 (178,3,2,'2017-07-26 13:02:25'),
 (179,3,3,'2017-12-24 18:23:56'),
 (180,7,2,'2017-04-23 15:49:42'),
 (181,12,3,'2017-03-23 01:30:22'),
 (182,3,3,'2017-06-17 05:08:52'),
 (183,8,2,'2017-09-26 11:09:59'),
 (184,19,2,'2017-08-07 10:20:20'),
 (185,11,3,'2017-02-03 21:37:40'),
 (186,13,3,'2017-04-01 11:05:43'),
 (187,16,1,'2017-05-14 15:40:41'),
 (188,9,3,'2017-08-30 18:41:53'),
 (189,8,3,'2017-03-23 16:33:24'),
 (190,11,3,'2017-01-08 03:41:25'),
 (191,8,2,'2017-07-06 16:11:54'),
 (192,9,2,'2017-06-30 20:15:19'),
 (193,17,2,'2017-11-24 07:04:47'),
 (194,10,2,'2017-07-08 19:30:30'),
 (195,17,3,'2017-03-22 01:31:06'),
 (196,16,2,'2017-08-04 02:45:58'),
 (197,15,3,'2017-05-04 12:18:25'),
 (198,19,3,'2017-03-10 21:53:25'),
 (199,10,3,'2017-12-25 02:57:25'),
 (200,6,2,'2017-08-06 05:31:31'),
 (201,5,1,'2017-03-07 02:11:44'),
 (202,10,2,'2017-03-12 02:28:41'),
 (203,17,2,'2017-07-30 18:58:21'),
 (204,2,2,'2017-02-16 10:53:52'),
 (205,7,1,'2017-07-28 23:34:38'),
 (206,12,2,'2017-06-26 07:56:52'),
 (207,14,3,'2017-04-02 23:15:49'),
 (208,15,3,'2017-02-18 14:30:16'),
 (209,3,1,'2017-11-10 04:15:35'),
 (210,5,2,'2017-03-23 21:10:05'),
 (211,8,1,'2017-10-06 18:26:20'),
 (212,7,1,'2017-03-12 15:34:47'),
 (213,7,3,'2017-11-06 04:32:41'),
 (214,8,2,'2017-09-17 14:56:14'),
 (215,9,1,'2017-02-15 16:17:20'),
 (216,8,2,'2017-10-12 11:49:19'),
 (217,16,2,'2017-02-20 01:57:35'),
 (218,11,2,'2017-11-26 05:36:10'),
 (219,12,2,'2017-08-23 11:19:19'),
 (220,8,3,'2017-02-10 10:29:38'),
 (221,2,3,'2017-06-30 05:49:59'),
 (222,14,3,'2017-08-12 15:19:19'),
 (223,6,2,'2017-10-12 12:17:07'),
 (224,8,2,'2017-12-09 17:08:47'),
 (225,11,3,'2017-03-21 08:01:19'),
 (226,17,2,'2017-01-06 10:49:37'),
 (227,12,3,'2017-04-25 01:34:51'),
 (228,4,3,'2017-08-31 02:09:07'),
 (229,17,2,'2017-09-29 09:29:18'),
 (230,19,2,'2017-09-09 04:58:20'),
 (231,19,2,'2017-01-29 21:37:03'),
 (232,14,1,'2017-09-19 11:09:14'),
 (233,4,2,'2017-04-27 20:39:04'),
 (234,19,3,'2017-04-16 06:57:34'),
 (235,19,3,'2017-06-21 23:10:38'),
 (236,16,2,'2017-12-25 10:17:32'),
 (237,11,2,'2017-01-08 05:36:21'),
 (238,19,2,'2017-01-02 02:35:30'),
 (239,8,3,'2017-09-15 07:59:59'),
 (240,6,2,'2017-06-22 18:01:26'),
 (241,12,2,'2017-11-17 01:56:21'),
 (242,16,2,'2017-07-14 04:30:30');
/*!40000 ALTER TABLE `sessions` ENABLE KEYS */;




/*!40101 SET SQL_MODE=@OLD_SQL_MODE */;
/*!40014 SET FOREIGN_KEY_CHECKS=@OLD_FOREIGN_KEY_CHECKS */;
/*!40014 SET UNIQUE_CHECKS=@OLD_UNIQUE_CHECKS */;
/*!40101 SET CHARACTER_SET_CLIENT=@OLD_CHARACTER_SET_CLIENT */;
/*!40101 SET CHARACTER_SET_RESULTS=@OLD_CHARACTER_SET_RESULTS */;
/*!40101 SET COLLATION_CONNECTION=@OLD_COLLATION_CONNECTION */;
/*!40101 SET CHARACTER_SET_CLIENT=@OLD_CHARACTER_SET_CLIENT */;
